date,equity
2016-01-04,100000.0
2016-01-04,100000.0
2016-01-05,99968.07222712983
2016-01-06,100017.18485896917
2016-01-07,99956.4465651633
2016-01-08,99958.89169881782
2016-01-11,100036.56069311714
2016-01-12,99962.54927650912
2016-01-13,100313.22307774145
2016-01-14,100293.71129254525
2016-01-15,99988.29199506802
2016-01-19,99628.45860807225
2016-01-20,99664.10857393606
2016-01-21,99262.59246570915
2016-01-22,99751.73162741424
2016-01-25,100118.36148297173
2016-01-26,99965.7345395527
2016-01-27,100162.60146802478
2016-01-28,100167.37182920621
2016-01-29,99984.75175488563
2016-02-01,100603.04238836715
2016-02-02,100570.16666461634
2016-02-03,99490.40253334623
2016-02-04,99533.83147832462
2016-02-05,99986.98465408143
2016-02-08,99935.16832230821
2016-02-09,99563.72268402256
2016-02-10,99442.19161796311
2016-02-11,99022.84650566452
2016-02-12,98778.67159538271
2016-02-16,99605.16974289912
2016-02-17,101295.468670299
2016-02-18,102715.55451120599
2016-02-19,103232.94505027136
2016-02-22,103215.27947316851
2016-02-23,104164.45599111628
2016-02-24,103294.08702727116
2016-02-25,103063.86328320278
2016-02-26,103148.61309719321
2016-02-29,103192.63169730938
2016-03-01,103166.12555526383
2016-03-02,103301.26943727286
2016-03-03,103217.52473888395
2016-03-04,103627.69337816352
2016-03-07,103238.95856540429
2016-03-08,102985.30165994869
2016-03-09,102417.95128448366
2016-03-10,102234.67391441035
2016-03-11,102379.19886137563
2016-03-14,103117.83117789403
2016-03-15,103084.94785135952
2016-03-16,102953.8670709402
2016-03-17,103281.10704700567
2016-03-18,104038.5271742775
2016-03-21,104528.40047258211
2016-03-22,104541.2359384004
2016-03-23,104631.92154422082
2016-03-24,104523.1897591205
2016-03-28,104643.34741714573
2016-03-29,104662.02097970739
2016-03-30,105585.68351302345
2016-03-31,106068.93398542257
2016-04-01,105823.45408339216
2016-04-04,106022.66056100962
2016-04-05,105631.0136134631
2016-04-06,105431.60043539247
2016-04-07,105306.87467677431
2016-04-08,104916.81795925615
2016-04-11,104776.55384575596
2016-04-12,104837.00657129264
2016-04-13,104932.99636532422
2016-04-14,105363.59524542754
2016-04-15,105724.42036819962
2016-04-18,102794.04163955245
2016-04-19,102676.31209540112
2016-04-20,102846.47094485784
2016-04-21,103108.07970768123
2016-04-22,102587.97634004675
2016-04-25,102076.20280867766
2016-04-26,102097.594252468
2016-04-27,101912.73210331512
2016-04-28,101874.75957058748
2016-04-29,101566.24301967988
2016-05-02,101476.04869227651
2016-05-03,101604.28370484208
2016-05-04,101201.09348996777
2016-05-05,101042.4302716605
2016-05-06,100969.11160388147
2016-05-09,101217.09215210257
2016-05-10,101168.2308838151
2016-05-11,101629.1151355095
2016-05-12,101447.29560156634
2016-05-13,100302.07090140716
2016-05-16,101430.42293027593
2016-05-17,102107.40588812927
2016-05-18,101441.45794629006
2016-05-19,101802.24698515263
2016-05-20,101745.24473287334
2016-05-23,102400.94306984358
2016-05-24,102476.6758645049
2016-05-25,102981.1124560438
2016-05-26,103261.5879914541
2016-05-27,103522.77851328999
2016-05-31,103624.12143347171
2016-06-01,103894.59994984505
2016-06-02,103808.76509578581
2016-06-03,103805.73267431262
2016-06-06,103529.05189733996
2016-06-07,103749.78018454954
2016-06-08,103472.39702696049
2016-06-09,103537.5082911734
2016-06-10,103656.44935286147
2016-06-13,103407.28805732357
2016-06-14,102966.15736337169
2016-06-15,103621.55705776926
2016-06-16,103800.36007441467
2016-06-17,103734.16408041317
2016-06-20,103145.32199410582
2016-06-21,103701.87000209272
2016-06-22,103693.57937313167
2016-06-23,103836.698892988
2016-06-24,104466.00974847634
2016-06-27,101946.36574383164
2016-06-28,101163.83253264245
2016-06-29,100930.76970590801
2016-06-30,101158.92600304716
2016-07-01,102410.13703342367
2016-07-05,102245.6202442114
2016-07-06,101782.65468047427
2016-07-07,102010.00782176285
2016-07-08,102610.49675615829
2016-07-11,103297.65729743248
2016-07-12,103609.93909652859
2016-07-13,104217.4511215063
2016-07-14,104157.47446177663
2016-07-15,104336.91644311273
2016-07-18,104246.94601549496
2016-07-19,104528.61246447983
2016-07-20,102046.51781318495
2016-07-21,102871.5594627317
2016-07-22,102869.62479170605
2016-07-25,103191.8260291463
2016-07-26,103368.25353077237
2016-07-27,103766.643408678
2016-07-28,103742.53846204419
2016-07-29,103976.46334012563
2016-08-01,104096.23769437589
2016-08-02,104013.22390343412
2016-08-03,103364.51638855535
2016-08-04,103376.10644414014
2016-08-05,103319.54720294916
2016-08-08,104192.94668683948
2016-08-09,104318.5185930312
2016-08-10,104260.69682910126
2016-08-11,104083.28441295635
2016-08-12,104400.98384630115
2016-08-15,105022.0453460749
2016-08-16,105081.0379814379
2016-08-17,104930.51458574561
2016-08-18,104537.42098153321
2016-08-19,104860.82682011448
2016-08-22,104885.21273300856
2016-08-23,104851.68721983046
2016-08-24,105174.12150779535
2016-08-25,105194.80812968356
2016-08-26,105111.60287589487
2016-08-29,104931.79530749668
2016-08-30,104906.4577925654
2016-08-31,105123.55636090372
2016-09-01,105106.78657400438
2016-09-02,105159.83020954375
2016-09-06,105115.37129097755
2016-09-07,105176.04477943172
2016-09-08,104980.77244790728
2016-09-09,104448.68435434207
2016-09-12,102935.08837111418
2016-09-13,103696.11372325194
2016-09-14,103554.89960151343
2016-09-15,104280.991608994
2016-09-16,105212.8474166647
2016-09-19,105024.89054308606
2016-09-20,105170.5117297351
2016-09-21,105264.65041919319
2016-09-22,105280.80335941841
2016-09-23,106366.83272547594
2016-09-26,106137.62395924242
2016-09-27,106142.09245538639
2016-09-28,105988.37482835124
2016-09-29,105919.66742934278
2016-09-30,105707.73625097917
2016-10-03,105935.37680153399
2016-10-04,105836.05417749452
2016-10-05,105455.5950633868
2016-10-06,105644.0854247109
2016-10-07,105515.87682632156
2016-10-10,105102.14724769727
2016-10-11,105673.51258229036
2016-10-12,105065.82838887672
2016-10-13,105054.04953714563
2016-10-14,104599.74020523371
2016-10-17,104790.6162758401
2016-10-18,104900.69140318314
2016-10-19,105194.9708795709
2016-10-20,105238.6496381512
2016-10-21,105318.67841407127
2016-10-24,105188.82319793673
2016-10-25,106091.38549595536
2016-10-26,106460.58954552974
2016-10-27,106510.06684681174
2016-10-28,105947.4342351211
2016-10-31,105988.08723135502
2016-11-01,105963.8657586192
2016-11-02,105182.34379642238
2016-11-03,105222.18199778131
2016-11-04,104922.99211498674
2016-11-07,104788.63177249262
2016-11-08,105155.74401244575
2016-11-09,105124.9080404408
2016-11-10,105267.63552060995
2016-11-11,105788.14630450131
2016-11-14,107304.8787565139
2016-11-15,106845.34083955026
2016-11-16,107273.14589318188
2016-11-17,107810.3294422676
2016-11-18,108438.30254107431
2016-11-21,108618.6532663932
2016-11-22,108805.15866865283
2016-11-23,109175.35153211415
2016-11-25,109048.57609641713
2016-11-28,109087.27370744747
2016-11-29,108645.07311989536
2016-11-30,108570.44312494188
2016-12-01,108649.13972220056
2016-12-02,107783.94403956541
2016-12-05,107982.04927700272
2016-12-06,108185.93019647108
2016-12-07,108489.312910287
2016-12-08,108739.87587798112
2016-12-09,109605.17879938724
2016-12-12,109333.15560885266
2016-12-13,108842.56358803813
2016-12-14,109432.93511314664
2016-12-15,109263.13347530163
2016-12-16,109635.76071723524
2016-12-19,109852.25954660508
2016-12-20,109994.09846469332
2016-12-21,110318.19493122085
2016-12-22,110095.86566107249
2016-12-23,110225.00461115176
2016-12-27,110485.26587666487
2016-12-28,111342.54889679665
2016-12-29,110713.32564595572
2016-12-30,110664.8593661718
2017-01-03,109982.13403280816
2017-01-04,109893.7065690544
2017-01-05,110183.92406709665
2017-01-06,110117.6008949677
2017-01-09,110115.89506075614
2017-01-10,110149.36938508098
2017-01-11,110192.69019817958
2017-01-12,110178.88908488212
2017-01-13,110034.235585695
2017-01-17,110170.56518468593
2017-01-18,110108.63685600877
2017-01-19,110107.52567477227
2017-01-20,110047.29477683295
2017-01-23,110251.2445322358
2017-01-24,110349.04891369506
2017-01-25,110599.43706186695
2017-01-26,111258.49097706961
2017-01-27,111620.46242548768
2017-01-30,111287.3528562388
2017-01-31,111000.65719395064
2017-02-01,111046.88472174644
2017-02-02,111493.87398645394
2017-02-03,111921.35380392963
2017-02-06,112046.39725812414
2017-02-07,112489.06113372355
2017-02-08,112869.2664952797
2017-02-09,112856.77849268189
2017-02-10,112746.02569004198
2017-02-13,112506.67439915784
2017-02-14,112118.50903718619
2017-02-15,112422.66793093836
2017-02-16,112448.74115635762
2017-02-17,112525.03292750906
2017-02-21,112675.0716718085
2017-02-22,113356.32996831193
2017-02-23,113324.92467575842
2017-02-24,112171.63787014844
2017-02-27,112225.9112314982
2017-02-28,112137.90433245798
2017-03-01,112262.78394033594
2017-03-02,112436.52268443306
2017-03-03,112125.36660901042
2017-03-06,111555.47647563466
2017-03-07,111383.77186096083
2017-03-08,111461.99991362411
2017-03-09,111630.4682121702
2017-03-10,111096.65429481844
2017-03-13,111395.5826164129
2017-03-14,111702.8229932819
2017-03-15,111688.86465390214
2017-03-16,111806.83796754794
2017-03-17,112340.39955435842
2017-03-20,112580.99563735357
2017-03-21,113208.94699807264
2017-03-22,112354.53575675277
2017-03-23,112591.67908210283
2017-03-24,112917.18484174994
2017-03-27,113086.16068804795
2017-03-28,113104.78614020391
2017-03-29,113404.14819397076
2017-03-30,113359.30345409605
2017-03-31,113471.41842966047
2017-04-03,113332.83474803469
2017-04-04,113137.59634614337
2017-04-05,112938.72068644073
2017-04-06,113162.9633226658
2017-04-07,112841.93122236608
2017-04-10,112856.89891256657
2017-04-11,112725.05038545936
2017-04-12,112686.67311232648
2017-04-13,112292.03492821712
2017-04-17,111915.57613289106
2017-04-18,112373.88870104036
2017-04-19,111931.13437406169
2017-04-20,112263.63301479783
2017-04-21,112589.92947989196
2017-04-24,112690.95751133541
2017-04-25,113604.78612455919
2017-04-26,114214.90499284958
2017-04-27,114154.34496614031
2017-04-28,114196.5830781518
2017-05-01,114065.40156902754
2017-05-02,114382.29951400803
2017-05-03,113756.93672321805
2017-05-04,113567.40871566348
2017-05-05,113849.24245913318
2017-05-08,114236.58806915814
2017-05-09,114266.15479156066
2017-05-10,114186.84572583761
2017-05-11,116127.34500997514
2017-05-12,117065.29667080363
2017-05-15,117527.90225385319
2017-05-16,118339.54422510896
2017-05-17,118483.80336468245
2017-05-18,117003.16879518211
2017-05-19,116959.09598774332
2017-05-22,117757.1388520633
2017-05-23,118379.15643366902
2017-05-24,118266.24163300273
2017-05-25,118346.06832135942
2017-05-26,118995.59734733719
2017-05-30,119251.78908480596
2017-05-31,119557.23122087728
2017-06-01,119476.63424039367
2017-06-02,119892.70873637436
2017-06-05,120632.04730556882
2017-06-06,120374.21678805532
2017-06-07,120168.36770946183
2017-06-08,120195.75304083289
2017-06-09,121811.6370995946
2017-06-12,120520.6395237373
2017-06-13,120653.76914217818
2017-06-14,121032.64711155003
2017-06-15,120931.49206164459
2017-06-16,120533.52764145876
2017-06-19,120840.52093737782
2017-06-20,121147.05341475896
2017-06-21,120942.05291132815
2017-06-22,120953.85355861709
2017-06-23,120795.09672682079
2017-06-26,120948.90398848173
2017-06-27,120191.03861903194
2017-06-28,118688.04128062827
2017-06-29,118874.70788816427
2017-06-30,118606.56343051424
2017-07-03,118959.68681747498
2017-07-05,118604.27468118619
2017-07-06,118330.73405926285
2017-07-07,117866.8837107624
2017-07-10,118518.71963284159
2017-07-11,118739.77114201695
2017-07-12,119321.28909004036
2017-07-13,120338.54680046234
2017-07-14,121352.40465181174
2017-07-17,122360.23026290588
2017-07-18,122184.66959012473
2017-07-19,122570.10730912589
2017-07-20,122975.58735074985
2017-07-21,123409.86267134314
2017-07-24,122686.74595238108
2017-07-25,122458.75077266809
2017-07-26,123270.81432910688
2017-07-27,123501.11866649697
2017-07-28,122989.88011765544
2017-07-31,123031.7503246539
2017-08-01,122941.50454982973
2017-08-02,123206.14320745046
2017-08-03,123718.2055171745
2017-08-04,123651.33739885736
2017-08-07,123855.1202184772
2017-08-08,124482.50643944509
2017-08-09,124150.17136671227
2017-08-10,124106.58668246855
2017-08-11,122827.32118305867
2017-08-14,122692.92060844153
2017-08-15,124309.24178344908
2017-08-16,124280.99823226963
2017-08-17,124362.77238466585
2017-08-18,123333.10798166308
2017-08-21,123275.91206543936
2017-08-22,123298.77582151997
2017-08-23,123508.4938167941
2017-08-24,123906.8284442118
2017-08-25,123888.84796105602
2017-08-28,123928.30312591017
2017-08-29,123808.16900285851
2017-08-30,123931.81210786142
2017-08-31,124340.34805989359
2017-09-01,125312.40304881425
2017-09-05,125076.31861285093
2017-09-06,124495.36354320789
2017-09-07,124534.05025473538
2017-09-08,124521.44787209354
2017-09-11,124210.64359376044
2017-09-12,124630.17831062354
2017-09-13,124668.8998809884
2017-09-14,124576.57996568191
2017-09-15,124273.84253541508
2017-09-18,124285.26805097473
2017-09-19,123915.58647472992
2017-09-20,123782.95093580987
2017-09-21,123705.78634728098
2017-09-22,123283.25036545616
2017-09-25,123582.99999418006
2017-09-26,122634.12999731113
2017-09-27,123025.0075365596
2017-09-28,123264.82369471213
2017-09-29,123579.92276736489
2017-10-02,124132.01116867534
2017-10-03,125202.60525612411
2017-10-04,124921.46381399108
2017-10-05,125162.25088307569
2017-10-06,125474.48690338967
2017-10-09,125443.42610385787
2017-10-10,125634.15682602374
2017-10-11,125768.1074212999
2017-10-12,125904.55930468225
2017-10-13,126032.9663282045
2017-10-16,126592.54906226676
2017-10-17,126824.34760665055
2017-10-18,126714.58404468508
2017-10-19,126581.19936483623
2017-10-20,126534.76418350264
2017-10-23,127160.41380208475
2017-10-24,127090.49551556759
2017-10-25,127249.70876739081
2017-10-26,126495.39052429353
2017-10-27,126562.16899754564
2017-10-30,126814.47691518988
2017-10-31,127098.7648838542
2017-11-01,127305.72757524866
2017-11-02,126833.03281987149
2017-11-03,126981.61548280103
2017-11-06,127560.88158142175
2017-11-07,128044.74610891721
2017-11-08,127555.94551440992
2017-11-09,127256.43040117912
2017-11-10,126987.15123342311
2017-11-13,127007.51654219136
2017-11-14,127015.74686394633
2017-11-15,126605.38928943028
2017-11-16,126715.86890234091
2017-11-17,127132.21917826476
2017-11-20,127164.39476174765
2017-11-21,127930.26035939364
2017-11-22,128662.53484197837
2017-11-24,128526.52330909827
2017-11-27,128605.38702751878
2017-11-28,128541.58191941821
2017-11-29,128910.38282505982
2017-11-30,128616.16589884742
2017-12-01,128924.73857633137
2017-12-04,128978.55158768219
2017-12-05,128295.18350646328
2017-12-06,127679.04841939252
2017-12-07,127654.63336913165
2017-12-08,127757.04912960791
2017-12-11,127815.85413151927
2017-12-12,127899.44798841485
2017-12-13,127593.3709706435
2017-12-14,127674.77648365521
2017-12-15,127449.12356249677
2017-12-18,127897.67894464484
2017-12-19,128782.93341187801
2017-12-20,128407.11910358266
2017-12-21,127911.85038786082
2017-12-22,127653.4971070642
2017-12-26,127578.63791468594
2017-12-27,127509.11105284985
2017-12-28,127664.70078666817
2017-12-29,127590.84052183258
2018-01-02,127319.57301097338
2018-01-03,128065.77565141272
2018-01-04,129232.51179246488
2018-01-05,129828.47786306031
2018-01-08,130291.69590716757
2018-01-09,130848.81514986491
2018-01-10,130286.29441724424
2018-01-11,130200.47089468989
2018-01-12,130811.75372486623
2018-01-16,131280.48066924815
2018-01-17,130670.33533233797
2018-01-18,130860.08761678124
2018-01-19,131022.98442243689
2018-01-22,131152.24102364288
2018-01-23,131975.36745226386
2018-01-24,132382.3988936533
2018-01-25,132434.6384589431
2018-01-26,131445.71987449346
2018-01-29,133298.20061425157
2018-01-30,133416.97676846295
2018-01-31,133429.67075218653
2018-02-01,132452.2261146127
2018-02-02,131603.60994075888
2018-02-05,130034.65771350576
2018-02-06,127898.70759974465
2018-02-07,129202.2356052343
2018-02-08,129213.70974935766
2018-02-09,125816.47958928652
2018-02-12,127060.17920038165
2018-02-13,127121.78670506738
2018-02-14,127443.48691611498
2018-02-15,128571.50189712353
2018-02-16,130116.77896674132
2018-02-20,129902.48223722984
2018-02-21,129790.56534985997
2018-02-22,129713.47785121693
2018-02-23,129133.83857626506
2018-02-26,129788.99498049793
2018-02-27,130546.75662716635
2018-02-28,129814.2995868194
2018-03-01,129393.04337250299
2018-03-02,128640.70892028156
2018-03-05,128974.7125833665
2018-03-06,129654.9101286725
2018-03-07,129965.61369644667
2018-03-08,130272.03702294176
2018-03-09,130480.60959841628
2018-03-12,132035.42540248373
2018-03-13,132090.48847376998
2018-03-14,131843.49763738972
2018-03-15,131535.97237565674
2018-03-16,131466.39468755838
2018-03-19,131266.1416443167
2018-03-20,130578.60385337206
2018-03-21,130500.18759738914
2018-03-22,129997.56843307732
2018-03-23,128384.24910973606
2018-03-26,127754.29189878749
2018-03-27,128335.71120946325
2018-03-28,124623.49471925152
2018-03-29,124609.54076504415
2018-04-02,124840.86650722261
2018-04-03,123622.41731900457
2018-04-04,123732.59610748972
2018-04-05,124680.46246967666
2018-04-06,124892.29170711868
2018-04-09,124677.64314898977
2018-04-10,124973.42952310716
2018-04-11,125354.84183447201
2018-04-12,125713.79815119988
2018-04-13,126229.9419870287
2018-04-16,125875.08235910274
2018-04-17,126437.33167767571
2018-04-18,127515.26695034321
2018-04-19,127236.99137620069
2018-04-20,126618.55338861159
2018-04-23,126252.41006672088
2018-04-24,126274.52059158742
2018-04-25,125772.3346670905
2018-04-26,125970.096044277
2018-04-27,126397.20088703212
2018-04-30,126523.97271747087
2018-05-01,125064.00544387239
2018-05-02,125291.30358081094
2018-05-03,125281.52470887768
2018-05-04,125627.57156386736
2018-05-07,130061.23662860322
2018-05-08,132236.74072775568
2018-05-09,132901.21566269465
2018-05-10,133193.04678384124
2018-05-11,134143.5306772833
2018-05-14,134168.62690908802
2018-05-15,133889.62716772303
2018-05-16,134017.8853520815
2018-05-17,134055.45514726156
2018-05-18,134066.51331425662
2018-05-21,134134.2166461985
2018-05-22,134381.53420104162
2018-05-23,133946.00995288114
2018-05-24,134204.3132862929
2018-05-25,134324.40681185067
2018-05-29,134136.29967735003
2018-05-30,134182.6819686364
2018-05-31,134449.35608769278
2018-06-01,134480.88460534232
2018-06-04,134856.9692758736
2018-06-05,135459.31448252517
2018-06-06,136009.06227022962
2018-06-07,136367.97488077017
2018-06-08,136090.6039140725
2018-06-11,136628.6050419401
2018-06-12,136793.5463812952
2018-06-13,137337.372899145
2018-06-14,137365.62949425756
2018-06-15,136649.47185808897
2018-06-18,136068.7750455194
2018-06-19,135708.73923292567
2018-06-20,135419.56001794024
2018-06-21,135760.9235737123
2018-06-22,134786.91091162182
2018-06-25,133886.94329919765
2018-06-26,131983.4168084187
2018-06-27,132339.06505902435
2018-06-28,131573.63897991407
2018-06-29,131943.76748460252
2018-07-02,131536.53766837768
2018-07-03,132036.59069388115
2018-07-05,130457.41590597387
2018-07-06,131793.9704629413
2018-07-09,132446.14230679008
2018-07-10,133417.00471361916
2018-07-11,133512.98115836375
2018-07-12,132706.01768969547
2018-07-13,133103.3696986275
2018-07-16,133267.48612802027
2018-07-17,133193.07452969518
2018-07-18,133600.95343842404
2018-07-19,133493.5619560824
2018-07-20,133551.9225785072
2018-07-23,133060.67686875566
2018-07-24,133105.9265659105
2018-07-25,133199.5250120577
2018-07-26,133506.593785842
2018-07-27,133801.44239285158
2018-07-30,133164.61323940344
2018-07-31,133115.21699812432
2018-08-01,133269.16871863007
2018-08-02,133058.39629472126
2018-08-03,134354.42908021164
2018-08-06,134416.67376546797
2018-08-07,135041.96631478044
2018-08-08,135051.3272075659
2018-08-09,135073.23915713115
2018-08-10,135009.86921498307
2018-08-13,134640.08301347392
2018-08-14,134759.88445899735
2018-08-15,134977.24624462568
2018-08-16,134526.6122243419
2018-08-17,134681.61205668031
2018-08-20,134438.5461010536
2018-08-21,134598.29319811816
2018-08-22,135022.02487119532
2018-08-23,135489.03680918278
2018-08-24,135713.77152879845
2018-08-27,136304.27991865913
2018-08-28,137037.34358380327
2018-08-29,137443.36579427955
2018-08-30,138268.51792126612
2018-08-31,138843.279830725
2018-09-04,138766.53307472938
2018-09-05,138567.41510964686
2018-09-06,138090.44505736502
2018-09-07,137725.3796149261
2018-09-10,137891.58548273682
2018-09-11,137649.6663476704
2018-09-12,138262.89986974333
2018-09-13,137998.3780616009
2018-09-14,139053.39153305223
2018-09-17,138955.80375014478
2018-09-18,139166.36453458414
2018-09-19,139335.58955828357
2018-09-20,139571.1153403063
2018-09-21,139989.41426400625
2018-09-24,139376.16564790695
2018-09-25,138896.91193684295
2018-09-26,140081.60382525515
2018-09-27,139727.42504615025
2018-09-28,139766.72748982164
2018-10-01,140153.2226307952
2018-10-02,140337.10006730352
2018-10-03,140338.73049165745
2018-10-04,140332.45951053136
2018-10-05,133115.2873002704
2018-10-08,132118.53534415853
2018-10-09,133564.50192836754
2018-10-10,132212.9630253555
2018-10-11,131045.81291180455
2018-10-12,131337.21294199728
2018-10-15,131180.66735965552
2018-10-16,131342.5419537305
2018-10-17,132126.82224311674
2018-10-18,131659.87304376112
2018-10-19,131458.67439846456
2018-10-22,131667.9237528385
2018-10-23,131203.0575018166
2018-10-24,130990.6750265464
2018-10-25,130185.05323338158
2018-10-26,130091.51219413901
2018-10-29,130198.78021705532
2018-10-30,129437.5908760431
2018-10-31,130507.81152630236
2018-11-01,130983.01739721303
2018-11-02,132358.70982258636
2018-11-05,131330.66452811228
2018-11-06,130397.32168386427
2018-11-07,131092.68011268502
2018-11-08,132344.7044656935
2018-11-09,131385.1067756309
2018-11-12,130910.4143039359
2018-11-13,129314.27871456894
2018-11-14,129906.18228492222
2018-11-15,129712.8238884428
2018-11-16,130429.46404317633
2018-11-19,133376.33844659518
2018-11-20,131438.52148030917
2018-11-21,131163.31875306432
2018-11-23,131155.78495155065
2018-11-26,131924.7079430138
2018-11-27,131820.73649933445
2018-11-28,132424.14364970883
2018-11-29,133747.00031880866
2018-11-30,133643.3858900186
2018-12-03,135040.36652859102
2018-12-04,135724.9663730432
2018-12-06,132004.19871339647
2018-12-07,133113.9126870886
2018-12-10,132682.3008767405
2018-12-11,132989.29563123806
2018-12-12,132898.2672998427
2018-12-13,132823.5007582299
2018-12-14,131814.03532937527
2018-12-17,131104.17170329927
2018-12-18,130740.01969758196
2018-12-19,130356.3444888361
2018-12-20,129712.885882278
2018-12-21,129046.53623164626
2018-12-24,128784.33488328086
2018-12-26,128835.22755657643
2018-12-27,129537.18701893919
2018-12-28,130771.81201232539
2018-12-31,130978.21469407441
2019-01-02,130980.12463205925
2019-01-03,131284.39048059462
2019-01-04,131317.949119853
2019-01-07,132077.59908761492
2019-01-08,132926.27633465323
2019-01-09,132684.87798935594
2019-01-10,133020.95172723572
2019-01-11,133957.64670882066
2019-01-14,133928.2076137599
2019-01-15,134108.90391483667
2019-01-16,134279.92575757357
2019-01-17,134259.5907633517
2019-01-18,134629.66342033815
2019-01-22,135764.30521499334
2019-01-23,134082.6180133423
2019-01-24,134148.28845517812
2019-01-25,134510.34590771777
2019-01-28,134828.03608758596
2019-01-29,132518.10536863637
2019-01-30,132462.15790520332
2019-01-31,132867.03515628458
2019-02-01,134301.27236583002
2019-02-04,134448.03951653576
2019-02-05,135190.1074695239
2019-02-06,136111.1683885273
2019-02-07,135730.34097355354
2019-02-08,134401.07957343227
2019-02-11,134746.52878864118
2019-02-12,134870.64484011705
2019-02-13,136482.2332162026
2019-02-14,136520.6228409005
2019-02-15,136766.75114736165
2019-02-19,139816.53671030805
2019-02-20,140151.9026137581
2019-02-21,139752.13674662283
2019-02-22,139619.91355679714
2019-02-25,140639.5416892894
2019-02-26,140490.9064895722
2019-02-27,140454.1180603446
2019-02-28,140264.56903576484
2019-03-01,140478.53556415928
2019-03-04,140832.12535239395
2019-03-05,140389.5522355145
2019-03-06,140366.21942932432
2019-03-07,139560.2383554025
2019-03-08,138612.97321135664
2019-03-11,139101.90605757845
2019-03-12,140659.2748558832
2019-03-13,141247.69470441493
2019-03-14,141933.255147096
2019-03-15,141626.42941524362
2019-03-18,142299.971130937
2019-03-19,142672.17806634874
2019-03-20,142875.09947019475
2019-03-21,142982.22000300488
2019-03-22,144138.6173653498
2019-03-25,142619.65641642234
2019-03-26,142701.77319383505
2019-03-27,142989.59968905238
2019-03-28,142804.89743782778
2019-03-29,143338.1689343634
2019-04-01,143848.39358392867
2019-04-02,145261.83256308208
2019-04-03,145852.82038972172
2019-04-04,147363.15743863056
2019-04-05,147046.26617824507
2019-04-08,147560.50752223743
2019-04-09,147796.90433044964
2019-04-10,147527.7158680496
2019-04-11,147801.8622531723
2019-04-12,148033.38266151835
2019-04-15,147917.1167690416
2019-04-16,147612.62785972032
2019-04-17,147938.6106917921
2019-04-18,147786.9310914848
2019-04-22,147689.59816499846
2019-04-23,148172.92436395065
2019-04-24,149322.71197764017
2019-04-25,149158.7253385876
2019-04-26,149299.5916250875
2019-04-29,149449.33975149313
2019-04-30,149512.72333711808
2019-05-01,149556.58941399553
2019-05-02,149462.25954810542
2019-05-03,148500.2380384753
2019-05-06,148420.31521346164
2019-05-07,147808.01281417842
2019-05-08,145616.71589707982
2019-05-09,145640.6115446971
2019-05-10,144454.27303017097
2019-05-13,143216.01877033937
2019-05-14,141015.9401664255
2019-05-15,141102.00672571635
2019-05-16,141846.31135343213
2019-05-17,141873.57191382052
2019-05-20,141596.7752779179
2019-05-21,141913.458177588
2019-05-22,142075.38114904065
2019-05-23,141760.0770432696
2019-05-24,141449.1205697882
2019-05-28,141511.8364348486
2019-05-29,140748.11254086698
2019-05-30,140750.16620703664
2019-05-31,140337.47812927302
2019-06-03,140339.84975567422
2019-06-04,140308.43595532724
2019-06-05,141759.40027810878
2019-06-06,141842.14025131235
2019-06-07,142997.56733865864
2019-06-10,144368.4940737381
2019-06-11,145253.7253984402
2019-06-12,145102.67875232053
2019-06-13,144689.38787442702
2019-06-14,144699.1115305106
2019-06-17,144277.36109289946
2019-06-18,144756.08059760588
2019-06-19,146510.55071793447
2019-06-20,146861.85745577293
2019-06-21,147394.89437939954
2019-06-24,147398.29342539056
2019-06-25,147701.6317839858
2019-06-26,147169.49651031208
2019-06-27,147238.90116985445
2019-06-28,147407.36498434574
2019-07-01,148194.61191039762
2019-07-02,148198.19098590186
2019-07-03,148276.20175364584
2019-07-05,148336.92876236542
2019-07-08,148137.2446410799
2019-07-09,147593.7239786156
2019-07-10,147923.8969583031
2019-07-11,148343.63170251524
2019-07-12,148995.0295145574
2019-07-15,149109.39773899628
2019-07-16,149078.00247421878
2019-07-17,149029.6785824211
2019-07-18,148859.29609636907
2019-07-19,148950.83870869776
2019-07-22,148521.42196407617
2019-07-23,149726.97217260275
2019-07-24,149990.79918054354
2019-07-25,150431.4369162239
2019-07-26,149754.22569074653
2019-07-29,150265.78998857093
2019-07-30,149797.7416218314
2019-07-31,149754.64057591432
2019-08-01,149265.31077554714
2019-08-02,147723.54696343374
2019-08-05,146283.10313655925
2019-08-06,145121.94266527027
2019-08-07,145456.68707297603
2019-08-08,146006.91168489403
2019-08-09,147874.1943692841
2019-08-12,146414.0795999783
2019-08-13,145864.96765111428
2019-08-14,146457.31435998267
2019-08-15,144465.6738812318
2019-08-16,144564.8496649179
2019-08-19,146240.21750751187
2019-08-20,147006.4573516816
2019-08-21,147403.06700416395
2019-08-22,147478.91046770843
2019-08-23,147046.0371775126
2019-08-26,144884.5459695413
2019-08-27,145738.91642493822
2019-08-28,144905.37380380157
2019-08-29,145623.63431169195
2019-08-30,146331.40772048914
2019-09-03,145469.65528672852
2019-09-04,145241.61664538883
2019-09-05,146054.99162882363
2019-09-06,147572.82017884648
2019-09-09,147700.8151987975
2019-09-10,147787.37832376227
2019-09-11,148288.4051571872
2019-09-12,149013.5058316955
2019-09-13,149091.09182870766
2019-09-16,148763.08796588925
2019-09-17,148739.88137128422
2019-09-18,148947.24519423977
2019-09-19,149128.29942367217
2019-09-20,149037.67127239017
2019-09-23,148479.08209194904
2019-09-24,148772.79752188764
2019-09-25,148037.1167943657
2019-09-26,147617.5972090471
2019-09-27,147778.4528174727
2019-09-30,146847.63172781016
2019-10-01,147136.69862435886
2019-10-02,146237.5220415857
2019-10-03,145560.88215990626
2019-10-04,146264.77104193356
2019-10-07,146505.0463185526
2019-10-08,146210.0455445652
2019-10-09,144823.91295650613
2019-10-10,145388.1334427595
2019-10-11,146415.63971755258
2019-10-14,146301.83894839344
2019-10-15,146444.11512659743
2019-10-16,147502.10778087837
2019-10-17,147875.77737275287
2019-10-18,148137.83349633595
2019-10-21,147553.04665635584
2019-10-22,148700.11714518716
2019-10-23,148468.39039864592
2019-10-24,148670.02045597284
2019-10-25,149530.10750352746
2019-10-28,150470.23543297115
2019-10-29,150959.59456287968
2019-10-30,150100.29366659845
2019-10-31,150184.92445595184
2019-11-01,150381.40704750078
2019-11-04,150660.62896642808
2019-11-05,151206.04614085893
2019-11-06,151160.08701409883
2019-11-07,150961.06402471664
2019-11-08,151470.81129109816
2019-11-11,151928.6362032525
2019-11-12,152336.22008740192
2019-11-13,152571.6929785601
2019-11-14,152397.24332112836
2019-11-15,152895.24421740626
2019-11-18,153279.19931261035
2019-11-19,153921.39491707477
2019-11-20,153133.16237382192
2019-11-21,153310.06049006703
2019-11-22,152465.68205664444
2019-11-25,152743.2125773949
2019-11-26,154672.97224490874
2019-11-27,154795.9488761717
2019-11-29,154834.77726839864
2019-12-02,154583.27683401038
2019-12-03,153452.49666274962
2019-12-04,153675.347647137
2019-12-05,153764.0892422961
2019-12-06,153879.91672305737
2019-12-09,154493.9730465397
2019-12-10,154362.0825137827
2019-12-11,154477.53394460533
2019-12-12,154381.78488460145
2019-12-13,155914.81879640097
2019-12-16,156520.0334564854
2019-12-17,156788.77907720045
2019-12-18,156866.93613563292
2019-12-19,156945.07692228755
2019-12-20,157663.85384521884
2019-12-23,159173.53108793855
2019-12-24,158822.93865625968
2019-12-26,158748.16454645386
2019-12-27,159375.51307894062
2019-12-30,159195.66161387827
2019-12-31,158823.48057782016
2020-01-02,159286.22814499363
2020-01-03,160489.3507763149
2020-01-06,160252.9242403198
2020-01-07,160485.76650344254
2020-01-08,160373.2201106189
2020-01-09,160712.83992892414
2020-01-10,161367.44101557016
2020-01-13,161281.55638484136
2020-01-14,161901.64019881576
2020-01-15,160226.86796681676
2020-01-16,160636.19338949388
2020-01-17,162383.55466304507
2020-01-21,162595.4325912753
2020-01-22,162485.30638771836
2020-01-23,162694.99630602886
2020-01-24,163068.65703601186
2020-01-27,161802.3739556758
2020-01-28,161049.63338713266
2020-01-29,161501.86572050917
2020-01-30,161045.23360695486
2020-01-31,161441.8944279163
2020-02-03,159003.2979837511
2020-02-04,159927.53414873427
2020-02-05,162184.58720288053
2020-02-06,162794.2684689972
2020-02-07,162630.89634786866
2020-02-10,161842.16893804556
2020-02-11,164206.99634029565
2020-02-12,164226.10523544857
2020-02-13,164448.80918916047
2020-02-14,164613.73605915534
2020-02-18,165317.5805450533
2020-02-19,165640.39842175535
2020-02-20,166353.53295789397
2020-02-21,165991.9929559104
2020-02-24,163743.35588174436
2020-02-25,162279.6220046818
2020-02-26,161107.52684134577
2020-02-27,160030.99941596418
2020-02-28,156505.95044725545
2020-03-02,157310.90742557772
2020-03-03,159034.124392763
2020-03-04,157702.08368289808
2020-03-05,158259.67045463732
2020-03-06,156305.40272826143
2020-03-09,154021.24129457065
2020-03-10,154137.6646080479
2020-03-11,154908.32566804526
2020-03-12,151228.32147653782
2020-03-13,150771.21454724084
2020-03-16,149889.13616539162
2020-03-17,142576.65642527974
2020-03-18,143480.7854074794
2020-03-19,142494.05813258138
2020-03-20,142482.33355659872
2020-03-23,142759.62343996292
2020-03-24,142475.7686109319
2020-03-25,143533.97725197207
2020-03-26,144040.67722049958
2020-03-27,145915.0262583424
2020-03-30,144409.9146363484
2020-03-31,144979.44548876135
2020-04-01,144351.22978961028
2020-04-02,144347.10369892826
2020-04-03,144395.61467365723
2020-04-06,144159.40329290164
2020-04-07,145529.92737350112
2020-04-08,145550.44875796518
2020-04-09,145718.50008642586
2020-04-13,146114.45598330462
2020-04-14,146259.29720113083
2020-04-15,147525.00834958322
2020-04-16,147075.0327151901
2020-04-17,147351.53553172215
2020-04-20,147922.91055070265
2020-04-21,147146.13425653573
2020-04-22,146187.27401826315
2020-04-23,146971.25480872396
2020-04-24,147222.2278688145
2020-04-27,147815.13479868651
2020-04-28,149170.58954377397
2020-04-29,148917.0880044732
2020-04-30,151031.21589766876
2020-05-01,151547.65977597225
2020-05-04,149685.04677851606
2020-05-05,150333.42718505964
2020-05-06,150858.70886883367
2020-05-07,151403.6695870209
2020-05-08,151770.10848823478
2020-05-11,155047.71221526252
2020-05-12,156160.80043102562
2020-05-13,153775.2324074083
2020-05-14,153154.88838172596
2020-05-15,153607.74197787428
2020-05-18,154504.41534316732
2020-05-19,156596.53533655702
2020-05-20,156472.86255102733
2020-05-21,157618.2125655309
2020-05-22,156916.0579981794
2020-05-26,157289.81426340662
2020-05-27,157531.6903110866
2020-05-28,157399.35635715234
2020-05-29,157575.67879005984
2020-06-01,157787.1243144403
2020-06-02,158146.7239575158
2020-06-03,158859.13832207178
2020-06-04,158970.8975296683
2020-06-05,159042.35025929636
2020-06-08,160546.79633929627
2020-06-09,161319.93230948577
2020-06-10,162313.5932640959
2020-06-11,163194.83836183354
2020-06-12,159671.86052838477
2020-06-15,161270.45171742013
2020-06-16,163274.9917029326
2020-06-17,164212.53561200312
2020-06-18,164770.07621266998
2020-06-19,164705.6855440214
2020-06-22,165554.2134640582
2020-06-23,165227.70701506975
2020-06-24,166009.23956517133
2020-06-25,164797.40084311826
2020-06-26,165677.5852103757
2020-06-29,165005.57420441523
2020-06-30,165088.2973011525
2020-07-01,165146.92755718905
2020-07-02,164563.86082990252
2020-07-06,164831.9188240102
2020-07-07,165452.4069701868
2020-07-08,165154.94098562177
2020-07-09,165362.68841856497
2020-07-10,166304.29497240542
2020-07-13,165958.0832645086
2020-07-14,164704.92508002705
2020-07-15,164681.0056287746
2020-07-16,164920.56102809927
2020-07-17,165113.67683165503
2020-07-20,165168.983141683
2020-07-21,166509.33197131832
2020-07-22,165523.0628934225
2020-07-23,165421.8215342806
2020-07-24,164810.93012752177
2020-07-27,164856.79865868058
2020-07-28,165606.95423113913
2020-07-29,164147.26386612898
2020-07-30,164333.36688817496
2020-07-31,165511.8465501048
2020-08-03,167797.36361543735
2020-08-04,170452.81160261994
2020-08-05,170533.4786460619
2020-08-06,170605.84505306528
2020-08-07,171783.99957281793
2020-08-10,171214.69590446653
2020-08-11,171354.5150877447
2020-08-12,170708.43315859273
2020-08-13,170954.0178148915
2020-08-14,171453.50760084874
2020-08-17,171521.5134075355
2020-08-18,172582.5317445629
2020-08-19,172354.17069603968
2020-08-20,172956.34484166122
2020-08-21,173097.06948018476
2020-08-24,174603.96144648248
2020-08-25,175043.60325210297
2020-08-26,175231.91461634927
2020-08-27,175388.22641610296
2020-08-28,175553.3296933794
2020-08-31,175781.3644591105
2020-09-01,176101.41748914882
2020-09-02,177616.91343395997
2020-09-03,176936.92523584663
2020-09-04,171694.06103341863
2020-09-08,172159.02582968722
2020-09-09,172144.1220634831
2020-09-10,172274.15243752775
2020-09-11,170079.37976678807
2020-09-14,170346.80295356523
2020-09-15,170446.53975386693
2020-09-16,170472.29587501005
2020-09-17,171056.37334516138
2020-09-18,170971.302299736
2020-09-21,171077.60780439986
2020-09-22,170993.75308406714
2020-09-23,171491.32694816322
2020-09-24,169941.20583740383
2020-09-25,169763.34758140452
2020-09-28,170822.91106805962
2020-09-29,171742.56605037427
2020-09-30,171880.1579389599
2020-10-01,172259.78779592167
2020-10-02,172694.90747983084
2020-10-05,171107.4332627778
2020-10-06,172368.57361059118
2020-10-07,170930.5372291697
2020-10-08,172218.87949025712
2020-10-09,172877.11685711227
2020-10-12,173666.48442048562
2020-10-13,175935.63262898772
2020-10-14,176139.7059673182
2020-10-15,175967.2784894456
2020-10-16,176377.47643839847
2020-10-19,176066.45626583087
2020-10-20,175808.63428044927
2020-10-21,175659.98242209977
2020-10-22,175512.54465996777
2020-10-23,175943.06050649605
2020-10-26,174870.08019240038
2020-10-27,172805.06429885613
2020-10-28,172206.89920279945
2020-10-29,170536.49099367473
2020-10-30,170614.6482838137
2020-11-02,170511.46296637182
2020-11-03,170496.61180619305
2020-11-04,170970.78179760737
2020-11-05,172732.04606417494
2020-11-06,174181.0625473702
2020-11-09,173359.1165983276
2020-11-10,172184.09451417252
2020-11-11,171241.2968292124
2020-11-12,171943.55234634856
2020-11-13,172430.1483110411
2020-11-16,173092.7350577878
2020-11-17,174001.35457464762
2020-11-18,174009.5512031459
2020-11-19,174262.8248723303
2020-11-20,174793.03859351363
2020-11-23,174322.56434081256
2020-11-24,174203.00113159165
2020-11-25,174019.66593500567
2020-11-27,174232.0874709076
2020-11-30,174917.8142813932
2020-12-01,173867.96982890164
2020-12-02,175158.91321260063
2020-12-03,174993.8236060118
2020-12-04,175053.29245370012
2020-12-07,175666.41156272596
2020-12-08,175862.22109209906
2020-12-09,176031.20210612362
2020-12-10,176371.84421069754
2020-12-11,174964.78245046793
2020-12-14,175042.9600435999
2020-12-15,175198.26281332996
2020-12-16,175278.0275728393
2020-12-17,175404.4154299131
2020-12-18,176234.96651717462
2020-12-21,175847.75135459716
2020-12-22,176068.69850793516
2020-12-23,176555.61167337187
2020-12-24,176358.22133012806
2020-12-28,176720.28789479268
2020-12-29,177437.20000108914
2020-12-30,177096.33083844162
2020-12-31,177145.54542468023
2021-01-04,177516.97649603942
2021-01-05,176710.89994753184
2021-01-06,176872.9509031969
2021-01-07,177807.76276103314
2021-01-08,178752.93078131505
2021-01-11,178780.318702123
2021-01-12,178484.78811008536
2021-01-13,178464.5865195521
2021-01-14,178593.2726443822
2021-01-15,177541.47056080156
2021-01-19,176853.73156249872
2021-01-20,177058.72576873994
2021-01-21,178644.99656926957
2021-01-22,180053.5399271454
2021-01-25,180703.47970830483
2021-01-26,181077.16476178222
2021-01-27,180725.47338059515
2021-01-28,180568.88313405646
2021-01-29,179670.87906884952
2021-02-01,179243.37128920958
2021-02-02,179564.30810303288
2021-02-03,181073.3584345178
2021-02-04,182150.67939650491
2021-02-05,182283.49573837174
2021-02-08,181893.47603075468
2021-02-09,184792.19544489356
2021-02-10,184654.60789339803
2021-02-11,184679.21238228242
2021-02-12,186128.32093824603
2021-02-16,184499.27622205962
2021-02-17,184486.8925389145
2021-02-18,183704.55363776162
2021-02-19,183847.27532207983
2021-02-22,184237.03973540032
2021-02-23,184051.0874123912
2021-02-24,184736.2320144745
2021-02-25,185319.08206110974
2021-02-26,184143.07895190734
2021-03-01,184050.03501672647
2021-03-02,185298.12149169933
2021-03-03,182580.75804204022
2021-03-04,182235.1766201941
2021-03-05,180908.81878461625
2021-03-08,181660.1605220002
2021-03-09,180336.34671948757
2021-03-10,181381.06281723053
2021-03-11,181750.23639972185
2021-03-12,183725.13499311393
2021-03-15,183770.86624980762
2021-03-16,184864.28938101447
2021-03-17,185381.15537444997
2021-03-18,185701.48709174205
2021-03-19,186177.8912039991
2021-03-22,186331.61933299707
2021-03-23,186682.7537617581
2021-03-24,185993.95206132001
2021-03-25,186692.3815963123
2021-03-26,186630.50144028655
2021-03-29,187121.45855062912
2021-03-30,187125.2696119639
2021-03-31,186945.63734563952
2021-04-01,188137.5286154573
2021-04-05,190655.24095071558
2021-04-06,191914.12077551923
2021-04-07,191411.21193017153
2021-04-08,192085.4756794584
2021-04-09,193441.80548534155
2021-04-12,194109.90761563228
2021-04-13,194107.70153336506
2021-04-14,194534.86359011778
2021-04-15,194052.60066396423
2021-04-16,194555.85670398333
2021-04-19,194569.48551040504
2021-04-20,193635.71008699722
2021-04-21,192421.28217186662
2021-04-22,193311.5537108577
2021-04-23,192469.82884705532
2021-04-26,193535.1456181095
2021-04-27,194237.47353981918
2021-04-28,193898.9148208744
2021-04-29,193292.95546386836
2021-04-30,193393.06010690308
2021-05-03,193349.59281948602
2021-05-04,193520.35175461514
2021-05-05,192801.70643942792
2021-05-06,192813.76120305381
2021-05-07,192901.7453062564
2021-05-10,193191.6072697148
2021-05-11,192569.40277240844
2021-05-12,192441.36576522375
2021-05-13,192413.2327754597
2021-05-14,192844.3592565584
2021-05-17,193582.12953043112
2021-05-18,193094.66137608312
2021-05-19,192304.47595336643
2021-05-20,192354.14089009183
2021-05-21,193533.9329291389
2021-05-24,194004.60490795036
2021-05-25,195047.92196388298
2021-05-26,194477.20629112673
2021-05-27,194579.5291599022
2021-05-28,194430.21768211995
2021-06-01,194320.5774665349
2021-06-02,194557.99565338792
2021-06-03,195734.7729499454
2021-06-04,196084.06177019895
2021-06-07,196989.70884665937
2021-06-08,197657.52690207478
2021-06-09,197717.36117898062
2021-06-10,197678.31537405428
2021-06-11,197904.3896090783
2021-06-14,198881.93779063996
2021-06-15,199373.75890377274
2021-06-16,198585.72636669964
2021-06-17,198499.84889774106
2021-06-18,199221.78067405487
2021-06-21,198384.58540098346
2021-06-22,198375.04738367687
2021-06-23,199108.97302788732
2021-06-24,199707.8617139039
2021-06-25,200901.48891429172
2021-06-28,200795.9658087273
2021-06-29,200475.5829443223
2021-06-30,200536.3284893229
2021-07-01,200395.44745052484
2021-07-02,200597.09850155766
2021-07-06,201556.58390322054
2021-07-07,201590.2112110191
2021-07-08,201846.69630148262
2021-07-09,200968.47165069866
2021-07-12,201460.53388269828
2021-07-13,200975.7013351539
2021-07-14,200083.72109670984
2021-07-15,200212.83072849823
2021-07-16,200803.7671226287
2021-07-19,198989.53925710614
2021-07-20,199028.09310813484
2021-07-21,199677.160100066
2021-07-22,201388.33122882273
2021-07-23,201712.26326539874
2021-07-26,202989.74329937223
2021-07-27,202857.36862037456
2021-07-28,202532.80744439253
2021-07-29,202990.11197979338
2021-07-30,204350.48200827924
2021-08-02,205112.01318930343
2021-08-03,204665.9426869551
2021-08-04,205179.46625578357
2021-08-05,205332.84382242718
2021-08-06,206665.82175321694
2021-08-09,206523.81441412948
2021-08-10,206241.1934984451
2021-08-11,205528.34141265834
2021-08-12,205233.96038315597
2021-08-13,205513.27939135832
2021-08-16,204513.95356124852
2021-08-17,205185.1311901303
2021-08-18,203902.70460105027
2021-08-19,203179.8832882783
2021-08-20,203298.34374963338
2021-08-23,204478.4476728654
2021-08-24,206324.24817835906
2021-08-25,206192.46300959145
2021-08-26,206983.70133109603
2021-08-27,205607.6157159509
2021-08-30,206164.77375996235
2021-08-31,207184.50121173033
2021-09-01,207694.5901013878
2021-09-02,208238.78542103065
2021-09-03,208084.02623273229
2021-09-07,208560.37689761736
2021-09-08,207862.7165650901
2021-09-09,206918.3498435947
2021-09-10,206991.02832731354
2021-09-13,206037.966258203
2021-09-14,206353.92931747274
2021-09-15,205211.4653295279
2021-09-16,205540.314586201
2021-09-17,205528.79773048544
2021-09-20,203980.71398215753
2021-09-21,202992.86901807316
2021-09-22,203338.514055287
2021-09-23,204934.37839090318
2021-09-24,206504.61797448996
2021-09-27,205772.98848257944
2021-09-28,204995.4479086358
2021-09-29,204475.18687985928
2021-09-30,204648.2715024121
2021-10-01,203822.49157340193
2021-10-04,204567.39665199502
2021-10-05,200340.89226690307
2021-10-06,202943.32858014188
2021-10-07,203690.16934999265
2021-10-08,204179.41683280544
2021-10-11,203902.06399951194
2021-10-12,203840.29510411219
2021-10-13,203211.95658715276
2021-10-14,203397.1589842934
2021-10-15,204957.607255849
2021-10-18,204886.5451602512
2021-10-19,205510.03047717016
2021-10-20,206232.50597759025
2021-10-21,206507.07755014912
2021-10-22,207312.04702333568
2021-10-25,207027.7701838682
2021-10-26,207968.06894207274
2021-10-27,209413.8986840117
2021-10-28,209458.40978921996
2021-10-29,209859.24191073165
2021-11-01,211360.24733960305
2021-11-02,211578.84815610823
2021-11-03,212603.22333107685
2021-11-04,216028.85350439133
2021-11-05,220623.30346698232
2021-11-08,220565.10708081524
2021-11-09,220576.11645841534
2021-11-10,219863.73049467412
2021-11-11,218844.47543885047
2021-11-12,219153.14611712823
2021-11-15,219112.0917726601
2021-11-16,218494.72395265495
2021-11-17,219263.50683127705
2021-11-18,218781.35230967996
2021-11-19,219642.5967444264
2021-11-22,220049.8471046118
2021-11-23,219004.69964882615
2021-11-24,218777.64950947068
2021-11-26,218866.43529442238
2021-11-29,218587.0481292636
2021-11-30,218755.86159040648
2021-12-01,218579.62492955977
2021-12-02,219583.49660673653
2021-12-03,217289.7874439321
2021-12-06,216687.26258944182
2021-12-07,217905.1499281164
2021-12-08,220662.95971882707
2021-12-09,220412.44256910592
2021-12-10,219364.34859635698
2021-12-13,219966.45036903446
2021-12-14,218494.23496170586
2021-12-15,218454.97058642443
2021-12-16,219256.85562653956
2021-12-17,218299.90083956695
2021-12-20,217557.2449372545
2021-12-21,218207.22519275075
2021-12-22,219340.8284749841
2021-12-23,220657.92211330167
2021-12-27,222494.11433224368
2021-12-28,225021.3236456153
2021-12-29,223935.83296376173
2021-12-30,224463.6806522913
2021-12-31,224049.4138646901
2022-01-03,223991.02851963197
2022-01-04,224642.4392397399
2022-01-05,224575.49426952485
2022-01-06,224018.02978249465
2022-01-07,222484.80514983574
2022-01-10,221630.63070719907
2022-01-11,221877.804195686
2022-01-12,223876.29484092467
2022-01-13,223934.8100226418
2022-01-14,220042.92837032757
2022-01-18,220522.68290122232
2022-01-19,220127.4549360317
2022-01-20,217703.02550270612
2022-01-21,215031.48356373855
2022-01-24,212272.66222179466
2022-01-25,212104.83868289812
2022-01-26,211668.5850238601
2022-01-27,212522.90113986348
2022-01-28,207564.30816189208
2022-01-31,208899.46602648363
2022-02-01,211216.8017382768
2022-02-02,212102.7744031853
2022-02-03,212793.2327109603
2022-02-04,209237.83311065822
2022-02-07,209682.24667055634
2022-02-08,209322.09522972975
2022-02-09,210369.11660563335
2022-02-10,210590.79638330202
2022-02-11,209594.808168384
2022-02-14,208594.39365814856
2022-02-15,209110.39206016585
2022-02-16,209311.02847862168
2022-02-17,208636.53765209077
2022-02-18,207882.7381038394
2022-02-22,207292.9287783574
2022-02-23,207547.63897386045
2022-02-24,205672.75642499665
2022-02-25,207219.98931330233
2022-02-28,209176.2423279782
2022-03-01,209215.24545266165
2022-03-02,208175.07202774432
2022-03-03,210310.33656122308
2022-03-04,209638.96046475082
2022-03-07,209584.61253698156
2022-03-08,208915.51891561146
2022-03-09,209346.16969591848
2022-03-10,209173.61581786085
2022-03-11,208920.68727354234
2022-03-14,205898.96739389494
2022-03-15,204546.30431429704
2022-03-16,208092.65262425886
2022-03-17,211783.37884880032
2022-03-18,213674.63369325158
2022-03-21,216490.78390693176
2022-03-22,216535.93679459323
2022-03-23,217267.75402385552
2022-03-24,217156.43781947932
2022-03-25,218818.77731106343
2022-03-28,218450.6418553067
2022-03-29,219853.29588763532
2022-03-30,221600.22167688172
2022-03-31,219936.9381058094
2022-04-01,219284.61623744108
2022-04-04,219265.5776347593
2022-04-05,220108.40967355657
2022-04-06,216877.05989461654
2022-04-07,214925.0446110554
2022-04-08,214891.48474650914
2022-04-11,214235.68060921505
2022-04-12,213817.35340760005
2022-04-13,213361.42687349868
2022-04-14,213964.94321730192
2022-04-18,212255.86005995123
2022-04-19,212383.9671176661
2022-04-20,218565.69667844794
2022-04-21,218958.05643047183
2022-04-22,214648.3867460991
2022-04-25,212360.47974201405
2022-04-26,212470.50624506956
2022-04-27,211143.48780263693
2022-04-28,211395.95268169
2022-04-29,211887.06467232847
2022-05-02,207327.60614348494
2022-05-03,207386.57634494157
2022-05-04,207422.40366837397
2022-05-05,210078.92844823908
2022-05-06,209965.07485323364
2022-05-09,209019.26062334664
2022-05-10,207305.13519895962
2022-05-11,207173.5779614511
2022-05-12,206719.15005987592
2022-05-13,206619.11149699404
2022-05-16,207255.18584762752
2022-05-17,207215.25536737384
2022-05-18,208992.3666179134
2022-05-19,206237.79515475375
2022-05-20,205457.23778946445
2022-05-23,205374.90084573659
2022-05-24,205235.04051154378
2022-05-25,204419.81864125567
2022-05-26,204840.48549319396
2022-05-27,207189.8930682417
2022-05-31,209138.06804855485
2022-06-01,208948.54520898973
2022-06-02,208328.18824545498
2022-06-03,209452.18655137537
2022-06-06,207482.9891716201
2022-06-07,207943.1074252604
2022-06-08,208524.95067788873
2022-06-09,207875.60443213856
2022-06-10,204321.23843972175
2022-06-13,201249.5208024156
2022-06-14,201301.12979390557
2022-06-15,201681.19081583625
2022-06-16,202132.44155750016
2022-06-17,199056.97161973704
2022-06-21,198857.74887519004
2022-06-22,200547.67884203725
2022-06-23,200262.57552938568
2022-06-24,200227.43332392717
2022-06-27,201472.27881033218
2022-06-28,201398.40006034402
2022-06-29,201814.513604449
2022-06-30,201777.24426738918
2022-07-01,201804.11065911563
2022-07-05,201412.430352777
2022-07-06,202476.2650609767
2022-07-07,202696.45507979725
2022-07-08,205413.00791536778
2022-07-11,205461.30270361344
2022-07-12,204009.2400043874
2022-07-13,204116.6370699739
2022-07-14,203964.85115795402
2022-07-15,204654.66802678557
2022-07-18,206323.42311767087
2022-07-19,206501.67106750509
2022-07-20,205872.16851069796
2022-07-21,208057.86413788036
2022-07-22,213005.188598285
2022-07-25,210589.25244225626
2022-07-26,210474.32728210418
2022-07-27,208298.5020088297
2022-07-28,208034.20395908205
2022-07-29,210365.48767937094
2022-08-01,212173.6898631142
2022-08-02,212395.233756694
2022-08-03,212380.4983540724
2022-08-04,212815.9348223634
2022-08-05,213797.3235113613
2022-08-08,213464.7593688232
2022-08-09,213328.2898169054
2022-08-10,211299.2681056091
2022-08-11,214924.97440181943
2022-08-12,214378.6699583054
2022-08-15,214504.9521133788
2022-08-16,215641.79562283814
2022-08-17,215111.7760077386
2022-08-18,214570.04890012258
2022-08-19,216467.55858550116
2022-08-22,214750.2119358241
2022-08-23,213423.37819805642
2022-08-24,213223.96461907693
2022-08-25,214201.79401502036
2022-08-26,215998.36262038944
2022-08-29,210444.66802402056
2022-08-30,210439.17532990963
2022-08-31,210363.197418945
2022-09-01,210400.20130923978
2022-09-02,210256.7077229576
2022-09-06,210990.70500899534
2022-09-07,210409.33252611014
2022-09-08,210244.06686750584
2022-09-09,210670.01114649762
2022-09-12,211224.23289571863
2022-09-13,212881.45029246132
2022-09-14,207986.11368709034
2022-09-15,207924.2260461321
2022-09-16,207649.9386060074
2022-09-19,208584.23938084237
2022-09-20,209684.1840114053
2022-09-21,209917.65301169155
2022-09-22,209431.51882704947
2022-09-23,207580.67780152825
2022-09-26,207117.28449969908
2022-09-27,207068.11606859934
2022-09-28,207317.19463202805
2022-09-29,207897.2654010093
2022-09-30,205669.7335963705
2022-10-03,205085.3646142091
2022-10-04,206350.52986108197
2022-10-05,211709.5832943478
2022-10-06,212053.1057186013
2022-10-07,212272.81760723103
2022-10-10,212269.65340991374
2022-10-11,212362.44997736037
2022-10-12,212319.63846078084
2022-10-13,211993.76326295617
2022-10-14,213293.10879550272
2022-10-17,210092.3959259428
2022-10-18,211560.85021526195
2022-10-19,212402.660585439
2022-10-20,212557.13013879626
2022-10-21,214102.3159031351
2022-10-24,215630.72601672914
2022-10-25,216455.55379789026
2022-10-26,219951.02057190228
2022-10-27,220053.63400545352
2022-10-28,218999.48574315943
2022-10-31,219121.44654896914
2022-11-01,218334.39605780464
2022-11-02,219183.49391824676
2022-11-03,222711.9681461878
2022-11-04,220752.49267150642
2022-11-07,221225.76867055788
2022-11-08,221761.68996465404
2022-11-09,221809.16615047771
2022-11-10,220670.90339370456
2022-11-11,225806.83458952425
2022-11-14,225858.68671704008
2022-11-15,225485.6938135639
2022-11-16,225716.91950723712
2022-11-17,226242.04555609034
2022-11-18,226330.2835908491
2022-11-21,226318.70728986544
2022-11-22,225462.90807662765
2022-11-23,226221.87565626643
2022-11-25,227656.68790660764
2022-11-28,227740.8053991043
2022-11-29,226870.2466088342
2022-11-30,226811.70703360895
2022-12-01,226781.02927357046
2022-12-02,228825.49600726264
2022-12-05,227879.38023249825
2022-12-06,225934.68323079855
2022-12-07,224954.63021083502
2022-12-08,224841.5732896062
2022-12-09,224800.21850712926
2022-12-12,224678.22583907546
2022-12-13,225245.2179470683
2022-12-14,227646.7307335221
2022-12-15,227950.38515754824
2022-12-16,220813.4229952005
2022-12-19,220440.92807091842
2022-12-20,220862.32575354824
2022-12-21,220655.98146616254
2022-12-22,220448.01874012905
2022-12-23,218342.19956183815
2022-12-27,218335.52492013326
2022-12-28,218038.1553983716
2022-12-29,217889.66092215577
2022-12-30,217958.03347433158
2023-01-03,218114.2676565761
2023-01-04,216924.03193533298
2023-01-05,216851.10121693544
2023-01-06,214995.3354006732
2023-01-09,215827.24430170393
2023-01-10,217057.69045229023
2023-01-11,217264.9842856695
2023-01-12,217319.98978382855
2023-01-13,218981.2026020085
2023-01-17,219724.95030503318
2023-01-18,221873.1841631662
2023-01-19,221697.22112808656
2023-01-20,217429.32126692415
2023-01-23,218234.19999517954
2023-01-24,221828.0053825053
2023-01-25,223312.20339565363
2023-01-26,222110.6098550504
2023-01-27,222146.89937295046
2023-01-30,222565.0651090158
2023-01-31,220066.19013553386
2023-02-01,220380.43685104325
2023-02-02,219718.4351325546
2023-02-03,225149.30007066092
2023-02-06,224746.32900195208
2023-02-07,224906.6260180407
2023-02-08,224565.41127102202
2023-02-09,224634.1789197781
2023-02-10,224286.76873192086
2023-02-13,224816.98473177192
2023-02-14,224898.31617463607
2023-02-15,225195.56801908798
2023-02-16,224362.74562485213
2023-02-17,224451.34019373485
2023-02-21,223653.7375484106
2023-02-22,222809.67250433384
2023-02-23,222605.55946559127
2023-02-24,224581.7296579009
2023-02-27,224347.82346715033
2023-02-28,225358.7267390237
2023-03-01,225224.922853298
2023-03-02,225210.4979804247
2023-03-03,224776.38078966178
2023-03-06,226449.76692793122
2023-03-07,226445.74669105903
2023-03-08,226156.31544918084
2023-03-09,227751.45647238835
2023-03-10,226047.34225561697
2023-03-13,222954.82471315865
2023-03-14,222578.55660251403
2023-03-15,223487.67452026875
2023-03-16,223562.27632310282
2023-03-17,224956.11609886796
2023-03-20,224750.30818835163
2023-03-21,225876.50692837604
2023-03-22,229601.82702740878
2023-03-23,231841.69507892054
2023-03-24,231913.26400593476
2023-03-27,231501.1261405877
2023-03-28,231141.45583146147
2023-03-29,229434.3233644184
2023-03-30,229318.75278577418
2023-03-31,230674.9811730688
2023-04-03,231078.44732553785
2023-04-04,232597.68385571928
2023-04-05,230719.5394283274
2023-04-06,229374.95639867833
2023-04-10,228397.99331167096
2023-04-11,230443.15676683094
2023-04-12,229291.7103912937
2023-04-13,230163.93067207298
2023-04-14,230004.2882354717
2023-04-17,229791.64791997592
2023-04-18,230315.69305042573
2023-04-19,232100.98449555592
2023-04-20,231508.37129216146
2023-04-21,230039.13426412825
2023-04-24,229980.86726670992
2023-04-25,228002.6808948404
2023-04-26,226204.1372311367
2023-04-27,226510.66764665555
2023-04-28,227554.3166096815
2023-05-01,231156.01120818953
2023-05-02,232046.03510858867
2023-05-03,231265.53582814778
2023-05-04,232327.33783068432
2023-05-05,232328.88129479787
2023-05-08,233929.08133881653
2023-05-09,233923.74766625886
2023-05-10,232657.88570297175
2023-05-11,234245.3735753696
2023-05-12,234117.2543581993
2023-05-15,233318.46024238618
2023-05-16,234412.84401672357
2023-05-17,235734.67198773043
2023-05-18,237404.2864374689
2023-05-19,240609.2857621926
2023-05-22,240243.45044599578
2023-05-23,240369.27684535363
2023-05-24,238811.8960227071
2023-05-25,238288.85151728883
2023-05-26,248387.44303160487
2023-05-30,251836.02614553217
2023-05-31,252237.3864335373
2023-06-01,252172.54743731453
2023-06-02,252553.57024604632
2023-06-05,253099.57213473524
2023-06-06,252903.13457317994
2023-06-07,253590.16616589628
2023-06-08,254700.0450844239
2023-06-09,255435.77513951078
2023-06-12,255355.7742851177
2023-06-13,255513.54771074536
2023-06-14,255611.71759599858
2023-06-15,256052.05905067152
2023-06-16,257443.44741547696
2023-06-20,257192.0295906683
2023-06-21,257479.34484508203
2023-06-22,256732.69155048934
2023-06-23,256493.25088379945
2023-06-26,255566.88488319342
2023-06-27,255459.9169337273
2023-06-28,256294.49109306905
2023-06-29,257690.21940370364
2023-06-30,258348.80893090024
2023-07-03,259564.9648961481
2023-07-05,259537.6795549343
2023-07-06,259339.58256456594
2023-07-07,259265.0682259969
2023-07-10,260021.5360027622
2023-07-11,260874.619640003
2023-07-12,262094.65319185937
2023-07-13,262918.08719198755
2023-07-14,269974.7665699534
2023-07-17,270057.92932574474
2023-07-18,270649.5821902957
2023-07-19,273364.5540067703
2023-07-20,273269.2667880538
2023-07-21,270167.2707336163
2023-07-24,270381.6805480379
2023-07-25,270310.260830819
2023-07-26,271002.34975554515
2023-07-27,270093.76046464173
2023-07-28,269319.63485124125
2023-07-31,269804.1368594718
2023-08-01,269630.90524561616
2023-08-02,269109.1640869089
2023-08-03,266157.4642863422
2023-08-04,267370.591100018
2023-08-07,267863.51760881685
2023-08-08,269555.4016865251
2023-08-09,268959.41627879365
2023-08-10,263620.7321268892
2023-08-11,264208.7139680804
2023-08-14,262882.0785644926
2023-08-15,262901.2630021319
2023-08-16,262055.51700633144
2023-08-17,260813.65617581012
2023-08-18,259954.6710296883
2023-08-21,260368.79120122263
2023-08-22,260516.09514639445
2023-08-23,260239.9608419649
2023-08-24,265701.06478065986
2023-08-25,261083.2299401495
2023-08-28,260780.11323938664
2023-08-29,261464.3423907489
2023-08-30,263548.88732032117
2023-08-31,264640.1631917833
2023-09-01,265217.8671566017
2023-09-05,265119.5710995386
2023-09-06,264779.38621596736
2023-09-07,263718.0898066878
2023-09-08,263272.6335001323
2023-09-11,264736.72374375735
2023-09-12,264344.33557200554
2023-09-13,262435.23845379363
2023-09-14,263029.57664224587
2023-09-15,262825.2556916983
2023-09-18,260871.35820188222
2023-09-19,260271.6495886128
2023-09-20,260783.6781756459
2023-09-21,259375.07600715724
2023-09-22,257544.21908075086
2023-09-25,256835.2039276131
2023-09-26,256407.5646510903
2023-09-27,256466.31563814342
2023-09-28,256581.23187364888
2023-09-29,259102.58386415394
2023-10-02,258825.81959455885
2023-10-03,259345.0280153734
2023-10-04,256800.42740243956
2023-10-05,258413.9239352862
2023-10-06,258896.23962027405
2023-10-09,261949.49625336943
2023-10-10,262732.4069946032
2023-10-11,265828.3375937695
2023-10-12,266206.9434391469
2023-10-13,264919.15117572877
2023-10-16,262297.3066428245
2023-10-17,263063.540904327
2023-10-18,263662.28248422703
2023-10-19,261968.8618545698
2023-10-20,259130.27018492014
2023-10-23,256815.8053188599
2023-10-24,258048.48132495332
2023-10-25,257757.91977189673
2023-10-26,256689.84856953632
2023-10-27,253694.39180809076
2023-10-30,253598.93923782487
2023-10-31,253972.26000234514
2023-11-01,254711.14135558374
2023-11-02,259044.3330778018
2023-11-03,262635.5976398075
2023-11-06,265563.01378747175
2023-11-07,265984.5140399238
2023-11-08,267246.6823835133
2023-11-09,267484.9281146369
2023-11-10,267369.2433126671
2023-11-13,268245.0255580202
2023-11-14,268115.47096522653
2023-11-15,273898.98344693973
2023-11-16,273521.6437651441
2023-11-17,272312.8833483257
2023-11-20,272640.74629130465
2023-11-21,274764.47897378745
2023-11-22,273494.10777771217
2023-11-24,272372.2760740349
2023-11-27,272398.3460764691
2023-11-28,272797.9174518133
2023-11-29,273159.142681206
2023-11-30,273109.5653815367
2023-12-01,270882.1847745351
2023-12-04,271279.1364325237
2023-12-05,270696.3975081406
2023-12-06,271316.9229175238
2023-12-07,271196.7551640128
2023-12-08,271277.11232336966
2023-12-11,272523.07914362545
2023-12-12,270709.8230475539
2023-12-13,271352.8509572217
2023-12-14,273185.57547068206
2023-12-15,276101.05881987454
2023-12-18,276869.02343839395
2023-12-19,280161.4171299188
2023-12-20,279870.4062055554
2023-12-21,279672.9704431099
2023-12-22,277720.4495425268
2023-12-26,278216.37886969367
2023-12-27,278993.66503215604
2023-12-28,278956.5951308219
2023-12-29,278838.7808839643
2024-01-02,277918.8089035262
2024-01-03,275439.81468930887
2024-01-04,275393.8879119745
2024-01-05,275296.73376967455
2024-01-08,275418.4654018543
2024-01-09,276134.68335100036
2024-01-10,279262.4844141924
2024-01-11,280850.9170493139
2024-01-12,280901.3895142488
2024-01-16,280471.61190128274
2024-01-17,279971.6624473941
2024-01-18,278974.83347697614
2024-01-19,279015.5877552774
2024-01-22,282343.1114206221
2024-01-23,284197.1905008478
2024-01-24,286633.9063654082
2024-01-25,288442.21955679014
2024-01-26,288400.3144957889
2024-01-29,287769.4680190229
2024-01-30,288427.6583666661
2024-01-31,288750.226008893
2024-02-01,288259.9984818684
2024-02-02,292846.31454232597
2024-02-05,295261.2152485013
2024-02-06,301628.8128673736
2024-02-07,302304.1397261734
2024-02-08,303541.2668478849
2024-02-09,305071.9326401119
2024-02-12,309208.36890707584
2024-02-13,309785.07245540904
2024-02-14,311106.91902115487
2024-02-15,314588.2409481786
2024-02-16,320395.6886340103
2024-02-20,313020.0352667164
2024-02-21,311017.4497254871
2024-02-22,310167.12438391935
2024-02-23,320666.86653428175
2024-02-26,317596.7956550409
2024-02-27,317604.9177242897
2024-02-28,317495.89497887786
2024-02-29,317789.8109286657
2024-03-01,317804.74427046964
2024-03-04,319244.9767370175
2024-03-05,321221.5480946794
2024-03-06,321764.9632067961
2024-03-07,323350.8240568265
2024-03-08,325161.95386731304
2024-03-11,322089.649265914
2024-03-12,322456.0572179894
2024-03-13,323833.03098705644
2024-03-14,323462.645622627
2024-03-15,322033.85602530633
2024-03-18,322232.7948187604
2024-03-19,321754.4617249264
2024-03-20,322462.1995544296
2024-03-21,323370.08235322667
2024-03-22,323891.0751063632
2024-03-25,324510.0669941135
2024-03-26,323856.65665939567
2024-03-27,323202.56271071115
2024-03-28,323599.7026830246
2024-04-01,324233.2403995475
2024-04-02,323305.5004219338
2024-04-03,322287.7241594619
2024-04-04,322956.3911451901
2024-04-05,321327.9471074534
2024-04-08,322331.02687911555
2024-04-09,322082.6660579278
2024-04-10,321298.2410390114
2024-04-11,321705.51361354167
2024-04-12,324699.8279172909
2024-04-15,324101.6518181472
2024-04-16,321897.61712180066
2024-04-17,322098.9734707848
2024-04-18,321215.25203778996
2024-04-19,319462.71918593865
2024-04-22,317612.706778807
2024-04-23,318165.98537885124
2024-04-24,319801.2570888608
2024-04-25,318085.45861171704
2024-04-26,320417.36045987636
2024-04-29,327569.5234034059
2024-04-30,328945.76727812435
2024-05-01,326301.2340438913
2024-05-02,325540.07792720647
2024-05-03,328009.27200575225
2024-05-06,332291.05512542045
2024-05-07,333495.87818517716
2024-05-08,332070.9032517887
2024-05-09,332294.94841231545
2024-05-10,333327.07830027194
2024-05-13,332892.3431263669
2024-05-14,332836.55282493896
2024-05-15,333684.13376545976
2024-05-16,338238.89454831684
2024-05-17,338182.4162578349
2024-05-20,338284.984780724
2024-05-21,338218.3174520287
2024-05-22,338249.66836575477
2024-05-23,338058.07905828964
2024-05-24,338618.67954045796
2024-05-28,341373.69830709137
2024-05-29,342656.7265908957
2024-05-30,342663.81203474733
2024-05-31,340930.5983907142
2024-06-03,341115.04166214634
2024-06-04,341636.45190742426
2024-06-05,342584.0079710146
2024-06-06,345443.800792492
2024-06-07,344973.1902808008
2024-06-10,344981.2312949728
2024-06-11,345891.94832802884
2024-06-12,348618.065129088
2024-06-13,352652.14748603443
2024-06-14,357669.2033921638
2024-06-17,357286.05634125054
2024-06-18,358172.43145613075
2024-06-20,360271.08374408423
2024-06-21,358643.65253699466
2024-06-24,359089.0328653112
2024-06-25,360142.8007064845
2024-06-26,360718.8500218832
2024-06-27,360582.5800154236
2024-06-28,360816.9433863864
2024-07-01,356778.16298007016
2024-07-02,357039.8485384078
2024-07-03,357910.193138861
2024-07-05,359703.3987727475
2024-07-08,361153.2782117178
2024-07-09,364891.53498032776
2024-07-10,365137.79874976154
2024-07-11,366799.48327780317
2024-07-12,363729.1518461347
2024-07-15,365804.6718761944
2024-07-16,365964.86393653974
2024-07-17,367956.2685615832
2024-07-18,366871.8931298244
2024-07-19,366829.36059847916
2024-07-22,367258.4969033849
2024-07-23,366955.30584245827
2024-07-24,367306.8762703089
2024-07-25,366685.4473834765
2024-07-26,367673.77728666516
2024-07-29,367784.4921396992
2024-07-30,367281.9181357353
2024-07-31,366896.38658242923
2024-08-01,367946.6983839755
2024-08-02,359170.0123044409
2024-08-05,355827.2651537727
2024-08-06,354657.78777456714
2024-08-07,355238.0958529669
2024-08-08,350551.36233398586
2024-08-09,350302.1093997471
2024-08-12,351026.7583323575
2024-08-13,350734.773878442
2024-08-14,350525.0069195521
2024-08-15,350708.4283732408
2024-08-16,356430.9513704872
2024-08-19,357003.6569373008
2024-08-20,358968.65111742576
2024-08-21,357701.33971019805
2024-08-22,358081.8988737074
2024-08-23,356925.9977249249
2024-08-26,357816.70569722954
2024-08-27,357330.47114796814
2024-08-28,357013.38099339
2024-08-29,356503.89801763144
2024-08-30,356889.24440234597
2024-09-03,357118.83999200305
2024-09-04,353256.7408587567
2024-09-05,352694.8339910595
2024-09-06,352194.54256739723
2024-09-09,350080.08554378385
2024-09-10,351268.9523702692
2024-09-11,352418.89654321317
2024-09-12,354712.8603033732
2024-09-13,361462.4195377158
2024-09-16,363403.4785820721
2024-09-17,363389.6315324922
2024-09-18,364395.5386149413
2024-09-19,364366.10664655844
2024-09-20,366342.6750141737
2024-09-23,366140.95191981166
2024-09-24,366332.4351174886
2024-09-25,367311.5501518961
2024-09-26,367750.2851002887
2024-09-27,367457.85812323925
2024-09-30,366390.3832208421
2024-10-01,366639.0708617758
2024-10-02,365803.12035303685
2024-10-03,366239.4516825486
2024-10-04,367079.9198954655
2024-10-07,367236.9231614595
2024-10-08,367665.16282751475
2024-10-09,365181.5766338349
2024-10-10,369244.8142724854
2024-10-11,367481.34976717265
2024-10-14,368523.1228852507
2024-10-15,368638.97767546366
2024-10-16,368307.362594749
2024-10-17,368868.90831522184
2024-10-18,367504.6292399777
2024-10-21,366682.85486141115
2024-10-22,368544.95727830677
2024-10-23,367633.44604939735
2024-10-24,366046.67553412134
2024-10-25,365848.99204184307
2024-10-28,367586.0181137993
2024-10-29,368528.89052287606
2024-10-30,369739.1864163943
2024-10-31,355387.76577689045
2024-11-01,352007.9791280033
2024-11-04,351671.42104342603
2024-11-05,351441.6032713729
2024-11-06,353219.8750210944
2024-11-07,350811.75748527166
2024-11-08,353292.9614152788
2024-11-11,352444.5987388219
2024-11-12,352543.7556870704
2024-11-13,352254.9217057268
2024-11-14,351808.6531759003
2024-11-15,351404.23441467027
2024-11-18,351261.8927535314
2024-11-19,352092.81822357245
2024-11-20,359204.9316413027
2024-11-21,357662.1848976819
2024-11-22,359860.30858904344
2024-11-25,362191.8735573673
2024-11-26,364619.7108043296
2024-11-27,366004.4549701724
2024-11-29,365738.81277182745
2024-12-02,365481.1956143178
2024-12-03,368858.84886745125
2024-12-04,366937.169387923
2024-12-05,369137.71005189174
2024-12-06,369845.0209991828
2024-12-09,373065.14509980043
2024-12-10,372659.39833084214
2024-12-11,372731.4622445195
2024-12-12,373287.0626148801
2024-12-13,372821.7105357325
2024-12-16,372359.80908639194
2024-12-17,374435.33193462185
2024-12-18,374586.841143938
2024-12-19,372587.56193104637
2024-12-20,373475.52360698034
2024-12-23,373960.1919268734
2024-12-24,373526.9339583412
2024-12-26,372220.2581860868
2024-12-27,371688.15844040376
2024-12-30,369119.02491049306
2024-12-31,369192.52235540946
2025-01-02,368734.9487918108
2025-01-03,369139.9285477991
2025-01-06,371308.9018091179
2025-01-07,377069.82028783084
2025-01-08,376492.7776471393
2025-01-10,377194.43253611034
2025-01-13,376790.99194399785
2025-01-14,376379.71850287705
2025-01-15,375857.05862357724
2025-01-16,377406.6280416234
2025-01-17,375701.0075761197
2025-01-21,375881.5139777075
2025-01-22,376662.99281016074
2025-01-23,378556.4182143577
2025-01-24,380068.66130715725
2025-01-27,378930.0067085016
2025-01-28,365879.1778996875
2025-01-29,367744.5496923471
2025-01-30,366105.1967207994
2025-01-31,366265.0420933717
2025-02-03,365417.768832205
2025-02-04,365086.86338800285
2025-02-05,366949.01184246544
2025-02-06,369109.3564115581
2025-02-07,372260.80926183675
2025-02-10,373978.7533737268
2025-02-11,378671.5173630489
2025-02-12,376672.0772669848
2025-02-13,378069.20061660954
2025-02-14,380461.30149712175
2025-02-18,384475.11230564164
2025-02-19,388609.2087287932
2025-02-20,390053.09966349724
2025-02-21,389532.3490697136
2025-02-24,388972.5093256355
2025-02-25,388620.98597541207
2025-02-26,388153.0435211062
2025-02-27,388779.45303300157
2025-02-28,374177.47507651703
2025-03-03,374457.50237112155
2025-03-04,371575.4435393468
2025-03-05,370337.80706750596
2025-03-06,370548.0609956423
2025-03-07,368776.4908116562
2025-03-10,368204.6546205594
2025-03-11,364984.39621825074
2025-03-12,365022.45435319195
2025-03-13,366874.0984364771
2025-03-14,366610.5159042348
2025-03-17,369215.46196265577
2025-03-18,368809.7992004134
2025-03-19,365716.9122506993
2025-03-20,366361.3002674187
2025-03-21,365840.2771403797
2025-03-24,368204.05556074023
2025-03-25,368694.975977983
2025-03-26,368524.314466657
2025-03-27,364642.54056975024
2025-03-28,364558.3331281025
2025-03-31,362794.66052160057
2025-04-01,363937.7717985082
2025-04-02,364560.3466223031
2025-04-03,364243.6070508737
2025-04-04,355872.50829697883
2025-04-07,353611.230033429
2025-04-08,355883.1922931103
2025-04-09,355688.5903681861
2025-04-10,352523.4708363668
2025-04-11,356625.61920144496
2025-04-14,356804.70337033726
2025-04-15,358292.67649830075
2025-04-16,358302.7527139545
2025-04-17,357784.5077054908
2025-04-21,357005.2479554502
2025-04-22,357362.27205594303
2025-04-23,355059.48044009827
2025-04-24,358630.0574742496
2025-04-25,364252.5894085761
2025-04-28,367119.6106141726
2025-04-29,367313.32087506034
2025-04-30,366713.0277781248
2025-05-01,366872.43765280175
2025-05-02,368673.2600761222
2025-05-05,369895.59511153924
2025-05-06,367953.64326398785
2025-05-07,368381.38264318265
2025-05-08,366797.0919560064
2025-05-09,368723.8245883013
2025-05-12,367543.8972499719
2025-05-13,373110.87599249085
2025-05-14,381033.81284971465
2025-05-15,387936.53198254656
2025-05-16,386659.80959055235
2025-05-19,388531.88433498354
2025-05-20,388803.01242380834
2025-05-21,388064.1165505728
2025-05-22,387735.53569359635
2025-05-23,386000.42079371423
2025-05-27,385817.29291564244
2025-05-28,385042.78461731214
2025-05-29,385172.24541296525
2025-05-30,385519.2963024861
2025-06-02,385192.3572090583
2025-06-03,385427.2709659095
2025-06-04,390030.32871677366
2025-06-05,390726.3241386202
2025-06-06,388266.91326190886
2025-06-09,389954.225450467
2025-06-10,390734.438224101
2025-06-11,391182.6575943994
2025-06-12,391650.92439313006
2025-06-13,391752.80095734645
2025-06-16,388630.93667393434
2025-06-17,390400.033533354
2025-06-18,389407.1097707206
2025-06-20,390424.5795906622
2025-06-23,391198.2060335286
2025-06-24,387314.8544840693
2025-06-25,391407.56608807156
2025-06-26,395237.2438409254
2025-06-27,401024.3043138887
2025-06-30,399661.45002922835
2025-07-01,400029.0057566487
2025-07-02,399853.92335806496
2025-07-03,400617.0281329149
2025-07-07,402521.8682088567
2025-07-08,399263.36289832345
2025-07-09,402035.1089229871
2025-07-10,402842.12610540504
2025-07-11,404791.75533039804
2025-07-14,404241.7411407975
2025-07-15,404580.7136273405
2025-07-16,404184.70017705095
2025-07-17,404219.64938965143
2025-07-18,403878.60950474686
2025-07-21,403569.8006643455
2025-07-22,403851.0384316414
2025-07-23,403741.88215701416
2025-07-24,403907.3217480219
2025-07-25,404234.3503735865
2025-07-28,405808.674112383
2025-07-29,410002.3900776813
2025-07-30,408574.5933923033
2025-07-31,408634.5926087677
2025-08-01,407282.8865630515
2025-08-04,407024.89505197894
2025-08-05,408431.95423052623
2025-08-06,408018.0673992902
2025-08-07,407700.1740266327
2025-08-08,409768.04291210975
2025-08-11,411145.6399347351
2025-08-12,410702.2352104088
2025-08-13,410462.308363038
2025-08-14,409998.3876399556
2025-08-15,409407.4327196351
2025-08-18,408815.25307198014
2025-08-19,409119.0609010864
2025-08-20,404724.76311828464
2025-08-21,401370.1150338276
2025-08-22,402180.9282869564
2025-08-25,405181.14801510127
2025-08-26,405552.5070746268
2025-08-27,406547.74879405997
2025-08-28,407032.2402701473
2025-08-29,407531.60921436234
2025-09-02,405086.5423181865
2025-09-03,404509.41706398
2025-09-04,404680.6163056277
2025-09-05,406846.8682869745
2025-09-08,406025.89989653166
2025-09-09,406309.58615612047
2025-09-10,408084.1599932932
2025-09-11,410788.79688938346
2025-09-12,410797.6197645501
2025-09-15,412385.2299370264
2025-09-16,412867.7389612696
2025-09-17,411928.5376874161
2025-09-18,412081.1715900782
2025-09-19,412895.9366377236
2025-09-22,412689.7195648929
2025-09-23,415635.7050503212
2025-09-24,413467.58258453436
2025-09-25,412303.2585227933
2025-09-26,412816.66340036166
2025-09-29,412475.6561728
2025-09-30,414176.19428458053
2025-10-01,414462.0017523662
2025-10-02,415157.8933039552
2025-10-03,419473.5275013879
2025-10-06,418703.84860753187
2025-10-07,420691.6799877015
2025-10-08,420493.5864812385
2025-10-09,423971.276130337
2025-10-10,424584.3245477511
2025-10-13,414078.97850085446
2025-10-14,415021.2676836592
2025-10-15,414940.004356465
2025-10-16,415600.4175756599
2025-10-17,414859.5041761896
2025-10-20,414088.23402228055
2025-10-21,415696.0357816478
2025-10-22,415961.9420681605
2025-10-23,415763.2258726502
2025-10-24,416450.9819565265
2025-10-27,418176.7956811968
2025-10-28,420868.9719727073
2025-10-29,421139.88037114305
2025-10-30,422293.7414669347
2025-10-31,420422.6988127814
2025-11-03,421350.477749592
2025-11-04,420863.6507898242
2025-11-05,419564.1396881323
2025-11-06,419422.2318974277
2025-11-07,418067.40554473066
2025-11-10,418455.1011718967
2025-11-11,417972.6708147207
2025-11-12,418583.07508574217
2025-11-13,417542.9613201436
2025-11-14,413034.19265337137
2025-11-17,414193.0609279844
2025-11-18,413820.9039467341
2025-11-19,413917.24145826057
2025-11-20,414338.54060763767
2025-11-21,413956.7655958767
2025-11-24,415063.2777943287
2025-11-25,416464.64100185636
2025-11-26,417069.51232383517
2025-11-28,418635.80092239374
2025-12-01,419932.09199457115
2025-12-02,419438.7440435885
2025-12-03,419515.236779614
2025-12-04,419674.98818120145
2025-12-05,421931.46865684516
2025-12-08,422104.7801183739
2025-12-09,424031.7740727018
2025-12-10,423620.5669527353
2025-12-11,421179.38425044535
2025-12-12,420044.45647188684
2025-12-15,418177.48825400305
2025-12-16,418464.2047320605
2025-12-17,418394.9117740264
2025-12-18,416985.3215189476
2025-12-19,416592.732658533
2025-12-22,416256.2086454874
2025-12-23,416086.3911720987
2025-12-24,417652.7463588861
2025-12-26,418028.88489582227
2025-12-29,418609.7159275348
2025-12-30,418672.0357827055
2025-12-31,418606.8736260185
2026-01-02,418334.3788227969
2026-01-05,419023.12736979255
2026-01-06,418475.7807874047
2026-01-07,418851.5299426484
2026-01-08,418848.637999215
2026-01-09,416775.8506401626
2026-01-12,417527.51975861983
2026-01-13,417768.5173850856
2026-01-14,417466.34148079285
2026-01-15,417318.2852469186
2026-01-16,417820.04912059975
2026-01-20,419995.6656429318
2026-01-21,418885.2454059273
2026-01-22,419036.0571223956
2026-01-23,420504.0841933441
2026-01-26,418230.4951825056
2026-01-27,416348.4793542826
2026-01-28,418134.8962909485
2026-01-29,418469.0350212811
2026-01-30,415720.13482112996
2026-02-02,412865.3972523875
2026-02-03,415256.54873389285
2026-02-04,414293.35640010395
2026-02-05,421415.4750315067
2026-02-06,415943.4684081968
2026-02-09,423280.7987819233
2026-02-10,424095.8455415508
2026-02-11,423246.63538276555
2026-02-12,423320.72522014123
2026-02-13,417435.32747567166
2026-02-17,416084.0919892329
2026-02-18,415892.10560303455
2026-02-19,417408.99029793893
2026-02-20,416378.0858163028
2026-02-23,416819.519248123
2026-02-24,414739.3475800613
2026-02-24,416355.1127815855
